company_code,document_number,description,payment_type,amount,currency_code,transaction_type,seller_number,customer_number,main_account,desc_length,desc_has_numbers,desc_uppercase_ratio,has_tckn,has_vkn,has_tckn_or_vkn,has_hvl,has_int,has_cepsube,has_komisyon,has_ucret,has_masraf,has_odeme,has_tahsilat,has_havale,has_virman,has_fatura,has_cek,has_eft,has_company_name,number_count,has_dash,has_dot,amount_log,amount_range,trans_pay_combo,company_group,doc_number_first_digit,doc_number_length,is_check_transaction,is_eft_transaction,is_transfer,is_high_amount,desc_suggests_seller,desc_suggests_customer,expects_seller,expects_customer,expects_main_account,payment_type_encoded,transaction_type_encoded,trans_pay_combo_encoded,amount_range_encoded,company_group_encoded,doc_number_first_digit_encoded,company_code_encoded
1504,4200004825,EF7789421YORUMAJANSPAZARLAMAITHALATVET-FATURABEDEL,H,400000.0,TRY,NEFT,,1200110387.0,,50,1,0.84,0,0,0,0,0,0,0,0,0,0,0,0,0,1,0,0,1,1,1,0,12.899222326086994,xlarge,NEFT_H,group_A,4,10,0,1,0,0,0,0,0,1,0,0,2,2,5,0,0,1504
1504,4200004824,SEBNEMBATI-GUROLBATIODAKEGI,H,21000.0,TRY,NMSC,,1200120489.0,,27,0,0.9629629629629629,0,0,0,0,0,0,0,0,0,0,0,0,0,0,0,0,1,0,1,0,9.952325334619427,large,NMSC_H,group_A,4,10,0,0,0,0,0,0,0,1,0,0,3,4,0,0,0,1504
1504,4200004826,ANADOLUISLETMELERITI-KEN,H,72000.0,TRY,NMSC,,1200118263.0,,24,0,0.9583333333333334,0,0,0,0,0,0,0,0,0,0,0,0,0,0,0,0,1,0,1,0,11.184435286790631,large,NMSC_H,group_A,4,10,0,0,0,0,0,0,0,1,0,0,3,4,0,0,0,1504
1504,4200004828,FUARCILIKLTD.STI.-FUARCILIKODEMET,H,24000.0,TRY,NMSC,,1200100451.0,,33,0,0.9090909090909091,0,0,0,0,0,0,0,0,0,1,0,0,0,0,0,0,1,0,1,1,10.085850775128717,large,NMSC_H,group_A,4,10,0,0,0,0,0,1,0,1,0,0,3,4,0,0,0,1504
1504,4200004827,INT-HVL-BAŞAKŞEHİRCHODEME-KARSILIKSIZ-MEDYA9ILETIS,H,158000.0,TRY,NTRF,,1200105945.0,,50,1,0.9,0,0,0,1,1,0,0,0,0,1,0,0,0,0,0,0,1,1,1,0,11.970356641102999,xlarge,NTRF_H,group_A,4,10,0,0,1,0,0,1,0,1,0,0,6,9,5,0,0,1504
1504,4200004830,CEPSUBE-HVL-SEAKTOPRAPORODEMESI-SELINKILIC,H,2932.84,TRY,NTRF,,1969001784.0,,42,0,0.9285714285714286,0,0,0,1,0,1,0,0,0,1,0,0,0,0,0,0,1,0,1,0,7.984067424155278,medium,NTRF_H,group_A,4,10,0,0,1,0,0,1,0,1,0,0,6,9,1,0,0,1504
1504,4200004829,016716297369ISTANBULAIFAHOLDINGANONIMSIRKETITCKN:VK,S,3300000.0,TRY,NTRF,3200200009.0,,,51,1,0.7450980392156863,1,0,1,0,0,0,0,0,0,0,0,0,0,0,0,0,1,1,0,0,15.009433329466965,mega,NTRF_S,group_A,4,10,0,0,1,1,0,0,1,0,0,1,6,10,2,0,0,1504
1504,4200004823,THEHESABAHAVALEKOMISYONU-KOMTCKN:VKN:,S,55.46,TRY,NTRF,,,7800150001.0,37,0,0.918918918918919,1,1,1,0,0,0,1,0,0,0,0,1,0,0,0,0,1,0,1,0,4.033532422825343,micro,NTRF_S,group_A,4,10,0,0,1,0,0,0,1,0,0,1,6,10,3,0,0,1504
1504,4200004831,10/09/2024CEKTAHSILATIUCRETITCKN:VKN:,S,44.24,TRY,NCHG,,,7800150002.0,37,1,0.6756756756756757,1,1,1,0,0,0,0,1,0,0,1,0,0,0,1,0,1,3,0,0,3.81198165124792,micro,NCHG_S,group_A,4,10,0,0,0,0,1,0,1,0,1,1,0,0,3,0,0,1504
1504,4200004782,4310NOVARALASYONVELLIK-OBA2024000,H,182180.78,TRY,NEFT,,1200118065.0,,33,1,0.6363636363636364,0,0,0,0,0,0,0,0,0,0,0,0,0,0,0,0,1,2,1,0,12.112760258807661,xlarge,NEFT_H,group_A,4,10,0,1,0,0,0,0,0,1,0,0,2,2,5,0,0,1504
1504,4200004783,84229NOVARMESTCERV-OBA202400000,H,384000.0,TRY,NEFT,,1200117993.0,,31,1,0.5161290322580645,0,0,0,0,0,0,0,0,0,0,0,0,0,0,0,0,1,2,1,0,12.85840043573314,xlarge,NEFT_H,group_A,4,10,0,1,0,0,0,0,0,1,0,0,2,2,5,0,0,1504
1504,4200004784,260NOVAZERHIZM.TI-OBA202400,H,300000.0,TRY,NEFT,,1200118064.0,,27,1,0.5925925925925926,0,0,0,0,0,0,0,0,0,0,0,0,0,0,0,0,1,2,1,1,12.611541086966115,xlarge,NEFT_H,group_A,4,10,0,1,0,0,0,0,0,1,0,0,2,2,5,0,0,1504
1504,4200004792,54OZDILEK.SAN-OZDILEKAVM,H,105600.0,TRY,NEFT,,1200101234.0,,24,1,0.8333333333333334,0,0,0,0,0,0,0,0,0,0,0,0,0,0,0,0,1,1,1,1,11.567423119906431,xlarge,NEFT_H,group_A,4,10,0,1,0,0,0,0,0,1,0,0,2,2,5,0,0,1504
1504,4200004794,7AYYAPIEND.VETIC.A.S.-TCKN:VKN:,H,192000.0,TRY,NEFT,,1200120306.0,,31,1,0.7419354838709677,1,1,1,0,0,0,0,0,0,0,0,0,0,0,0,0,1,1,1,1,12.165255859329688,xlarge,NEFT_H,group_A,4,10,0,1,0,0,0,0,0,1,0,0,2,2,5,0,0,1504
1504,4200004795,17YUNLUSAN.VETIC.A.S.-TEDARIKODEMETCKN,H,12240.0,TRY,NEFT,,1200117875.0,,38,1,0.8157894736842105,1,0,1,0,0,0,0,0,0,1,0,0,0,0,0,0,1,1,1,1,9.412546252075513,large,NEFT_H,group_A,4,10,0,1,0,0,0,1,0,1,0,0,2,2,0,0,0,1504
1504,4200004820,MEDYAPLANLAMAREKLAMORGANIZASY-,H,2274180.0,TRY,NEFT,,1200104166.0,,30,0,0.9666666666666667,0,0,0,0,0,0,0,0,0,0,0,0,0,0,0,0,1,0,1,0,14.637130545551631,mega,NEFT_H,group_A,4,10,0,1,0,1,0,0,0,1,0,0,2,2,2,0,0,1504
1504,4200004781,65-NOVARTI-OBA202,H,13800.0,TRY,NMSC,,1200118064.0,,17,1,0.5882352941176471,0,0,0,0,0,0,0,0,0,0,0,0,0,0,0,0,1,2,1,0,9.53249633228804,large,NMSC_H,group_A,4,10,0,0,0,0,0,0,0,1,0,0,3,4,0,0,0,1504
1504,4200004819,9520-ATARSAGLIKHIZMETLERITI,H,2201.33,TRY,NMSC,,1200108779.0,,27,1,0.8148148148148148,0,0,0,0,0,0,0,0,0,0,0,0,0,0,0,0,1,1,1,0,7.697271169814392,medium,NMSC_H,group_A,4,10,0,0,0,0,0,0,0,1,0,0,3,4,1,0,0,1504
1504,4200004786,AIFA2AIFAHOLDINGANONIMSIRKETITCKN:VK,H,2050000.0,TRY,NTRF,,1200200099.0,,36,1,0.9444444444444444,1,0,1,0,0,0,0,0,0,0,0,0,0,0,0,0,1,1,0,0,14.53335083891935,mega,NTRF_H,group_A,4,10,0,0,1,1,0,0,0,1,0,0,6,9,2,0,0,1504
1504,4200004791,AIFA2AIFAHOLDINGANONIMSIRKETITCKN:VK,H,755000.0,TRY,NTRF,,1200200099.0,,36,1,0.9444444444444444,1,0,1,0,0,0,0,0,0,0,0,0,0,0,0,0,1,1,0,0,13.534474352733596,xlarge,NTRF_H,group_A,4,10,0,0,1,1,0,0,0,1,0,0,6,9,5,0,0,1504
1504,4200004793,INT-HVL-CARIHESABAMAHSUBEN-REKLAMTANITIMTTCKN:V,H,188000.0,TRY,NTRF,,1200116214.0,,47,0,0.9148936170212766,1,0,1,1,1,0,0,0,0,0,0,0,0,0,0,0,1,0,1,0,12.144202560946876,xlarge,NTRF_H,group_A,4,10,0,0,1,0,0,0,0,1,0,0,6,9,5,0,0,1504
1504,4200004818,TICARIODEMEMOBILTEMIZLIKACI,H,10695000.0,TRY,NTRF,,1200104528.0,,27,0,1.0,0,0,0,0,0,0,0,0,0,1,0,0,0,0,0,0,1,0,0,0,16.185286994000275,mega,NTRF_H,group_A,4,10,0,0,1,1,0,1,0,1,0,0,6,9,2,0,0,1504
1504,4200004796,0ISTANBULATIKEOZSAHINTCKN::,S,1570.0,TRY,NTRF,1950005053.0,,,27,1,0.8888888888888888,1,0,1,0,0,0,0,0,0,0,0,0,0,0,0,0,1,1,0,0,7.359467638255621,medium,NTRF_S,group_A,4,10,0,0,1,0,0,0,1,0,0,1,6,10,1,0,0,1504
1504,4200004797,7ISTANBULAYKUTSAHINTCKN::79,S,2170.0,TRY,NTRF,1950004657.0,,,27,1,0.8148148148148148,1,0,1,0,0,0,0,0,0,0,0,0,0,0,0,0,1,2,0,0,7.682943169878292,medium,NTRF_S,group_A,4,10,0,0,1,0,0,0,1,0,0,1,6,10,1,0,0,1504
1504,4200004798,62ISTANBULAYSENURCIHANTCKN::,S,6149.48,TRY,NTRF,1950005292.0,,,28,1,0.8571428571428571,1,0,1,0,0,0,0,0,0,0,0,0,0,0,0,0,1,1,0,0,8.724285406535405,medium,NTRF_S,group_A,4,10,0,0,1,0,0,0,1,0,0,1,6,10,1,0,0,1504
1504,4200004799,0ISTANBULBURCUCANBAZTCKN::9,S,1570.0,TRY,NTRF,1950003581.0,,,27,1,0.8518518518518519,1,0,1,0,0,0,0,0,0,0,0,0,0,0,0,0,1,2,0,0,7.359467638255621,medium,NTRF_S,group_A,4,10,0,0,1,0,0,0,1,0,0,1,6,10,1,0,0,1504
1504,4200004800,ISTANBULFATIHARSLANTCKN::8,S,3873.06,TRY,NTRF,1950004839.0,,,26,1,0.8846153846153846,1,0,1,0,0,0,0,0,0,0,0,0,0,0,0,0,1,1,0,0,8.262058331714842,medium,NTRF_S,group_A,4,10,0,0,1,0,0,0,1,0,0,1,6,10,1,0,0,1504
1504,4200004810,ISTANBULSELCUKYAPTCKN::937,S,2959.0,TRY,NTRF,1950005182.0,,,26,1,0.8076923076923077,1,0,1,0,0,0,0,0,0,0,0,0,0,0,0,0,1,1,0,0,7.992944547318106,medium,NTRF_S,group_A,4,10,0,0,1,0,0,0,1,0,0,1,6,10,1,0,0,1504
1504,4200004811,9ISTANBULSELINKILICAKTOPTCKN:,S,4825.0,TRY,NTRF,1950003852.0,,,29,1,0.9310344827586207,1,0,1,0,0,0,0,0,0,0,0,0,0,0,0,0,1,1,0,0,8.481773246184977,medium,NTRF_S,group_A,4,10,0,0,1,0,0,0,1,0,0,1,6,10,1,0,0,1504
1504,4200004812,59ISTANBULSELVATANYOLTCKN::5,S,350.0,TRY,NTRF,1950004076.0,,,28,1,0.8214285714285714,1,0,1,0,0,0,0,0,0,0,0,0,0,0,0,0,1,2,0,0,5.860786223465865,small,NTRF_S,group_A,4,10,0,0,1,0,0,0,1,0,0,1,6,10,4,0,0,1504
1504,4200004813,3ISTANBULSEZGIKIRALKURSUNTCKN:,S,1570.0,TRY,NTRF,1950005254.0,,,30,1,0.9333333333333333,1,0,1,0,0,0,0,0,0,0,0,0,0,0,0,0,1,1,0,0,7.359467638255621,medium,NTRF_S,group_A,4,10,0,0,1,0,0,0,1,0,0,1,6,10,1,0,0,1504
1504,4200004814,437ISTANBULSEYMAUNLUTCKN::915,S,1373.0,TRY,NTRF,1950000248.0,,,29,1,0.7241379310344828,1,0,1,0,0,0,0,0,0,0,0,0,0,0,0,0,1,2,0,0,7.2254814727822945,medium,NTRF_S,group_A,4,10,0,0,1,0,0,0,1,0,0,1,6,10,1,0,0,1504
1504,4200004815,87ISTANBULSIMAREISOGLUTCKN::,S,1570.0,TRY,NTRF,1950004893.0,,,28,1,0.8571428571428571,1,0,1,0,0,0,0,0,0,0,0,0,0,0,0,0,1,1,0,0,7.359467638255621,medium,NTRF_S,group_A,4,10,0,0,1,0,0,0,1,0,0,1,6,10,1,0,0,1504
1504,4200004816,824ISTANBULYUSUFCALISKANTCKN:,S,1570.0,TRY,NTRF,1950005059.0,,,29,1,0.8620689655172413,1,0,1,0,0,0,0,0,0,0,0,0,0,0,0,0,1,1,0,0,7.359467638255621,medium,NTRF_S,group_A,4,10,0,0,1,0,0,0,1,0,0,1,6,10,1,0,0,1504
1504,4200004821,9ISTANBULAIFAHOLDINGANONIMSIRKETITCKN:VK,S,7000000.0,TRY,NTRF,3200200009.0,,,40,1,0.95,1,0,1,0,0,0,0,0,0,0,0,0,0,0,0,0,1,1,0,0,15.76142084987672,mega,NTRF_S,group_A,4,10,0,0,1,1,0,0,1,0,0,1,6,10,2,0,0,1504
1504,4200004822,STANBULAIFAHOLDINGANONIMSIRKETITCKN:VK,S,8000000.0,TRY,NTRF,3200200009.0,,,38,0,0.9736842105263158,1,0,1,0,0,0,0,0,0,0,0,0,0,0,0,0,1,0,0,0,15.894952224644102,mega,NTRF_S,group_A,4,10,0,0,1,1,0,0,1,0,0,1,6,10,2,0,0,1504
1504,4200004785,0020716NOLUCEKODEMESIICINVIRMANTCKN:VKN:,S,500000.0,TRY,NCHK,,,1020101022.0,40,1,0.775,1,1,1,0,0,0,0,0,0,1,0,0,1,0,1,0,1,1,0,0,13.122365377402328,xlarge,NCHK_S,group_A,4,10,1,0,0,0,0,1,1,0,0,1,1,1,5,0,0,1504
1504,4200004787,0020060NOLUCEKODEMESIICINVIRMANTCKN:VKN:,S,550000.0,TRY,NCHK,,,1020101022.0,40,1,0.775,1,1,1,0,0,0,0,0,0,1,0,0,1,0,1,0,1,1,0,0,13.217675375388819,xlarge,NCHK_S,group_A,4,10,1,0,0,1,0,1,1,0,0,1,1,1,5,0,0,1504
1504,4200004788,0020068NOLUCEKODEMESIICINVIRMANTCKN:VKN:,S,500000.0,TRY,NCHK,,,1020101022.0,40,1,0.775,1,1,1,0,0,0,0,0,0,1,0,0,1,0,1,0,1,1,0,0,13.122365377402328,xlarge,NCHK_S,group_A,4,10,1,0,0,0,0,1,1,0,0,1,1,1,5,0,0,1504
1504,4200004789,0020096NOLUCEKODEMESIICINVIRMANTCKN:VKN:,S,500000.0,TRY,NCHK,,,1020101022.0,40,1,0.775,1,1,1,0,0,0,0,0,0,1,0,0,1,0,1,0,1,1,0,0,13.122365377402328,xlarge,NCHK_S,group_A,4,10,1,0,0,0,0,1,1,0,0,1,1,1,5,0,0,1504
1504,4200004790,0020040NOLUCEKODEMESIICINVIRMANTCKN:VKN:,S,500000.0,TRY,NCHK,,,1020101022.0,40,1,0.775,1,1,1,0,0,0,0,0,0,1,0,0,1,0,1,0,1,1,0,0,13.122365377402328,xlarge,NCHK_S,group_A,4,10,1,0,0,0,0,1,1,0,0,1,1,1,5,0,0,1504
1504,4200004817,KESINTIVEEKLERI-TCKN:VKN:,S,44.32,TRY,NEFT,,,7800150001.0,25,0,0.88,1,1,1,0,0,0,0,0,0,0,0,0,0,0,0,0,1,0,1,0,3.8137484361598055,micro,NEFT_S,group_A,4,10,0,1,0,0,0,0,1,0,0,1,2,3,3,0,0,1504
1501,4200000908,INT-HVL-PLREKLAMCILIKTICSANA.S-PA,H,183956.06,TRY,NTRF,,1200100121.0,,33,0,0.8787878787878788,0,0,0,1,1,0,0,0,0,0,0,0,0,0,0,0,1,0,1,1,12.12245763979099,xlarge,NTRF_H,group_B,4,10,0,0,1,0,0,0,0,1,0,0,6,9,5,1,0,1501
1000,4200008809,90001EF4794340,H,175000.0,TRY,NEFT,,1200116869.0,,14,1,0.14285714285714285,0,0,0,0,0,0,0,0,0,0,0,0,0,0,0,0,0,2,0,0,12.07254696717504,xlarge,NEFT_H,group_A,4,10,0,1,0,0,0,0,0,1,0,0,2,2,5,0,0,1000
1000,4200008813,90001EF4804511,H,300000.0,TRY,NEFT,,1200200115.0,,14,1,0.14285714285714285,0,0,0,0,0,0,0,0,0,0,0,0,0,0,0,0,0,2,0,0,12.611541086966115,xlarge,NEFT_H,group_A,4,10,0,1,0,0,0,0,0,1,0,0,2,2,5,0,0,1000
1000,4200008817,CEPSUBE-HVL-AVANSIADE-HASANSELCUKSA,H,300000.0,TRY,NTRF,1950000040.0,,,35,0,0.9142857142857143,0,0,0,1,0,1,0,0,0,0,0,0,0,0,0,0,1,0,1,0,12.611541086966115,xlarge,NTRF_H,group_A,4,10,0,0,1,0,0,0,0,1,0,0,6,9,5,0,0,1000
1000,4200008840,093ISTANBULBAŞAKŞEHİRMEDYAILETISI,H,7000000.0,TRY,NTRF,,1200200104.0,,33,1,0.9090909090909091,0,0,0,0,0,0,0,0,0,0,0,0,0,0,0,0,1,1,0,0,15.76142084987672,mega,NTRF_H,group_A,4,10,0,0,1,1,0,0,0,1,0,0,6,9,2,0,0,1000
1000,4200008841,00093ISTANBULBAŞAKŞEHİRMEDYAILETISI,H,8000000.0,TRY,NTRF,,1200200104.0,,35,1,0.8571428571428571,0,0,0,0,0,0,0,0,0,0,0,0,0,0,0,0,1,1,0,0,15.894952224644102,mega,NTRF_H,group_A,4,10,0,0,1,1,0,0,0,1,0,0,6,9,2,0,0,1000
1000,4200008818,90001AIFA2AHM,S,37500.0,TRY,NEFT,3200104841.0,,,13,1,0.5384615384615384,0,0,0,0,0,0,0,0,0,0,0,0,0,0,0,0,1,2,0,0,10.53212287826962,large,NEFT_S,group_A,4,10,0,1,0,0,0,0,1,0,0,1,2,3,0,0,0,1000
1000,4200008777,HGSHESAPTANBAKIYEYUKLEMEDUZENLITALIMAT34212,S,175.0,TRY,NMSC,3200102480.0,,,43,1,0.8837209302325582,0,0,0,0,0,0,0,0,0,0,0,0,0,0,0,0,1,1,0,0,5.170483995038151,small,NMSC_S,group_A,4,10,0,0,0,0,0,0,1,0,0,1,3,5,4,0,0,1000
1000,4200008781,HGSHESAPTANBAKIYEYUKLEMEKUZEYMARMARA34071,S,245.0,TRY,NMSC,3200102480.0,,,41,1,0.8780487804878049,0,0,0,0,0,0,0,0,0,0,0,0,0,0,0,0,1,1,0,0,5.5053315359323625,small,NMSC_S,group_A,4,10,0,0,0,0,0,0,1,0,0,1,3,5,4,0,0,1000
1000,4200008782,HGSHESAPTANBAKIYEYUKLEMEDUZENLITALIMAT34556,S,175.0,TRY,NMSC,3200102480.0,,,43,1,0.8837209302325582,0,0,0,0,0,0,0,0,0,0,0,0,0,0,0,0,1,1,0,0,5.170483995038151,small,NMSC_S,group_A,4,10,0,0,0,0,0,0,1,0,0,1,3,5,4,0,0,1000
1000,4200008783,HGSHESAPTANBAKIYEYUKLEMEDUZENLITALIMAT34222,S,175.0,TRY,NMSC,3200102480.0,,,43,1,0.8837209302325582,0,0,0,0,0,0,0,0,0,0,0,0,0,0,0,0,1,1,0,0,5.170483995038151,small,NMSC_S,group_A,4,10,0,0,0,0,0,0,1,0,0,1,3,5,4,0,0,1000
1000,4200008802,HGSHESAPTANBAKIYEYUKLEMEDUZENLITALIMAT30577,S,400.0,TRY,NMSC,3200102480.0,,,43,1,0.8837209302325582,0,0,0,0,0,0,0,0,0,0,0,0,0,0,0,0,1,1,0,0,5.993961427306569,small,NMSC_S,group_A,4,10,0,0,0,0,0,0,1,0,0,1,3,5,4,0,0,1000
1000,4200008803,HGSHESAPTANBAKIYEYUKLEMEDUZENLITALIMAT34727,S,175.0,TRY,NMSC,3200102480.0,,,43,1,0.8837209302325582,0,0,0,0,0,0,0,0,0,0,0,0,0,0,0,0,1,1,0,0,5.170483995038151,small,NMSC_S,group_A,4,10,0,0,0,0,0,0,1,0,0,1,3,5,4,0,0,1000
1000,4200008785,03AIFA2BUYUKBASKIMERKEZIMA,S,1000000.0,TRY,NTRF,3200200003.0,,,26,1,0.8846153846153846,0,0,0,0,0,0,0,0,0,0,0,0,0,0,0,0,1,2,0,0,13.815511557963774,xlarge,NTRF_S,group_A,4,10,0,0,1,1,0,0,1,0,0,1,6,10,5,0,0,1000
1000,4200008786,0168165AIFA2ODAKINSAATVETURIZMSAN,S,1680000.0,TRY,NTRF,3200200007.0,,,33,1,0.7575757575757576,0,0,0,0,0,0,0,0,0,0,0,0,0,0,0,0,1,2,0,0,14.33430494661736,mega,NTRF_S,group_A,4,10,0,0,1,1,0,0,1,0,0,1,6,10,2,0,0,1000
1000,4200008787,400093AIFA2BAŞAKŞEHİRMEDYAILETISI,S,2050000.0,TRY,NTRF,3200200016.0,,,33,1,0.7878787878787878,0,0,0,0,0,0,0,0,0,0,0,0,0,0,0,0,1,2,0,0,14.53335083891935,mega,NTRF_S,group_A,4,10,0,0,1,1,0,0,1,0,0,1,6,10,2,0,0,1000
1000,4200008789,8165AIFA2ODAKINSAATVETURIZMSAN,S,1110000.0,TRY,NTRF,3200200007.0,,,30,1,0.8333333333333334,0,0,0,0,0,0,0,0,0,0,0,0,0,0,0,0,1,2,0,0,13.919871474189012,mega,NTRF_S,group_A,4,10,0,0,1,1,0,0,1,0,0,1,6,10,2,0,0,1000
1000,4200008800,810435117AIFA2MALTEPEREKLAMPAZARL,S,400000.0,TRY,NTRF,3200101782.0,,,33,1,0.696969696969697,0,0,0,0,0,0,0,0,0,0,0,0,0,0,0,0,1,2,0,0,12.899222326086994,xlarge,NTRF_S,group_A,4,10,0,0,1,0,0,0,1,0,0,1,6,10,5,0,0,1000
1000,4200008801,400093AIFA2BAŞAKŞEHİRMEDYAILETISI,S,755000.0,TRY,NTRF,3200200016.0,,,33,1,0.7878787878787878,0,0,0,0,0,0,0,0,0,0,0,0,0,0,0,0,1,2,0,0,13.534474352733596,xlarge,NTRF_S,group_A,4,10,0,0,1,1,0,0,1,0,0,1,6,10,5,0,0,1000
1000,4200008810,424AIFA2MADENISLETMELERIANO,S,50000.0,TRY,NTRF,3200200066.0,,,27,1,0.8518518518518519,0,0,0,0,0,0,0,0,0,0,0,0,0,0,0,0,1,2,0,0,10.819798284210286,large,NTRF_S,group_A,4,10,0,0,1,0,0,0,1,0,0,1,6,10,0,0,0,1000
1000,4200008811,5117AIFA2MALTEPEREKLAMPAZARL,S,70000.0,TRY,NTRF,3200101782.0,,,28,1,0.8214285714285714,0,0,0,0,0,0,0,0,0,0,0,0,0,0,0,0,1,2,0,0,11.156264806643742,large,NTRF_S,group_A,4,10,0,0,1,0,0,0,1,0,0,1,6,10,0,0,0,1000
1000,4200008812,165AIFA2DAKINSAATVETURIZMSAN,S,1200000.0,TRY,NTRF,3200200007.0,,,28,1,0.8571428571428571,0,0,0,0,0,0,0,0,0,0,0,0,0,0,0,0,1,2,0,0,13.997832948091215,mega,NTRF_S,group_A,4,10,0,0,1,1,0,0,1,0,0,1,6,10,2,0,0,1000
1000,4200008816,0186AIFA2HASANMAN,S,250000.0,TRY,NTRF,1950000040.0,,,17,1,0.7058823529411765,0,0,0,0,0,0,0,0,0,0,0,0,0,0,0,0,1,2,0,0,12.429220196836383,xlarge,NTRF_S,group_A,4,10,0,0,1,0,0,0,1,0,0,1,6,10,5,0,0,1000
1000,4200008819,84AIFA2BEERGIN,S,1570.0,TRY,NTRF,1950004968.0,,,14,1,0.7857142857142857,0,0,0,0,0,0,0,0,0,0,0,0,0,0,0,0,1,2,0,0,7.359467638255621,medium,NTRF_S,group_A,4,10,0,0,1,0,0,0,1,0,0,1,6,10,1,0,0,1000
1000,4200008820,0305245AIFA2BDIZ,S,7432.0,TRY,NTRF,1950004903.0,,,16,1,0.5,0,0,0,0,0,0,0,0,0,0,0,0,0,0,0,0,1,2,0,0,8.913684824725294,medium,NTRF_S,group_A,4,10,0,0,1,0,0,0,1,0,0,1,6,10,1,0,0,1000
1000,4200008821,88874AIFA2KAANKARA,S,1570.0,TRY,NTRF,1950004891.0,,,18,1,0.6666666666666666,0,0,0,0,0,0,0,0,0,0,0,0,0,0,0,0,1,2,0,0,7.359467638255621,medium,NTRF_S,group_A,4,10,0,0,1,0,0,0,1,0,0,1,6,10,1,0,0,1000
1000,4200008822,1695AIFA2DOGUBAS,S,1570.0,TRY,NTRF,1950005270.0,,,16,1,0.6875,0,0,0,0,0,0,0,0,0,0,0,0,0,0,0,0,1,2,0,0,7.359467638255621,medium,NTRF_S,group_A,4,10,0,0,1,0,0,0,1,0,0,1,6,10,1,0,0,1000
1000,4200008823,815AIFA2FAHRIYSADI,S,1570.0,TRY,NTRF,1950004810.0,,,18,1,0.7777777777777778,0,0,0,0,0,0,0,0,0,0,0,0,0,0,0,0,1,2,0,0,7.359467638255621,medium,NTRF_S,group_A,4,10,0,0,1,0,0,0,1,0,0,1,6,10,1,0,0,1000
1000,4200008824,91793AIFA2GUDIZ,S,8255.72,TRY,NTRF,1950004871.0,,,15,1,0.6,0,0,0,0,0,0,0,0,0,0,0,0,0,0,0,0,1,2,0,0,9.018782693221159,medium,NTRF_S,group_A,4,10,0,0,1,0,0,0,1,0,0,1,6,10,1,0,0,1000
1000,4200008825,89AIFA2ARHAN,S,1570.0,TRY,NTRF,1950003946.0,,,12,1,0.75,0,0,0,0,0,0,0,0,0,0,0,0,0,0,0,0,1,2,0,0,7.359467638255621,medium,NTRF_S,group_A,4,10,0,0,1,0,0,0,1,0,0,1,6,10,1,0,0,1000
1000,4200008826,3586AIFA2KNCAKMAK,S,3470.0,TRY,NTRF,1950000308.0,,,17,1,0.7058823529411765,0,0,0,0,0,0,0,0,0,0,0,0,0,0,0,0,1,2,0,0,8.152198015861787,medium,NTRF_S,group_A,4,10,0,0,1,0,0,0,1,0,0,1,6,10,1,0,0,1000
1000,4200008827,08140AIFA2MTKESIM,S,1570.0,TRY,NTRF,1950005104.0,,,17,1,0.6470588235294118,0,0,0,0,0,0,0,0,0,0,0,0,0,0,0,0,1,2,0,0,7.359467638255621,medium,NTRF_S,group_A,4,10,0,0,1,0,0,0,1,0,0,1,6,10,1,0,0,1000
1000,4200008828,463AIFA2MAYGOK,S,1570.0,TRY,NTRF,1950005269.0,,,14,1,0.7142857142857143,0,0,0,0,0,0,0,0,0,0,0,0,0,0,0,0,1,2,0,0,7.359467638255621,medium,NTRF_S,group_A,4,10,0,0,1,0,0,0,1,0,0,1,6,10,1,0,0,1000
1000,4200008829,490AIFA2MERVESIL,S,1570.0,TRY,NTRF,1950005093.0,,,16,1,0.75,0,0,0,0,0,0,0,0,0,0,0,0,0,0,0,0,1,2,0,0,7.359467638255621,medium,NTRF_S,group_A,4,10,0,0,1,0,0,0,1,0,0,1,6,10,1,0,0,1000
1000,4200008830,128AIFA2NSATILMIS,S,1570.0,TRY,NTRF,1950004989.0,,,17,1,0.7647058823529411,0,0,0,0,0,0,0,0,0,0,0,0,0,0,0,0,1,2,0,0,7.359467638255621,medium,NTRF_S,group_A,4,10,0,0,1,0,0,0,1,0,0,1,6,10,1,0,0,1000
1000,4200008831,281014AIFA2ROZOGUL,S,2873.0,TRY,NTRF,1950000138.0,,,18,1,0.6111111111111112,0,0,0,0,0,0,0,0,0,0,0,0,0,0,0,0,1,2,0,0,7.96346006663897,medium,NTRF_S,group_A,4,10,0,0,1,0,0,0,1,0,0,1,6,10,1,0,0,1000
1000,4200008832,096AIFA2NERSOY,S,2770.0,TRY,NTRF,1950005106.0,,,14,1,0.7142857142857143,0,0,0,0,0,0,0,0,0,0,0,0,0,0,0,0,1,2,0,0,7.9269635448629785,medium,NTRF_S,group_A,4,10,0,0,1,0,0,0,1,0,0,1,6,10,1,0,0,1000
1000,4200008833,4067AIFA2AKURTULUS,S,1570.0,TRY,NTRF,1950004640.0,,,18,1,0.7222222222222222,0,0,0,0,0,0,0,0,0,0,0,0,0,0,0,0,1,2,0,0,7.359467638255621,medium,NTRF_S,group_A,4,10,0,0,1,0,0,0,1,0,0,1,6,10,1,0,0,1000
1000,4200008834,160970AIFA2AUNLU,S,1570.0,TRY,NTRF,1950004888.0,,,16,1,0.5625,0,0,0,0,0,0,0,0,0,0,0,0,0,0,0,0,1,2,0,0,7.359467638255621,medium,NTRF_S,group_A,4,10,0,0,1,0,0,0,1,0,0,1,6,10,1,0,0,1000
1000,4200008835,64607AIFA2TUCER,S,2903.16,TRY,NTRF,1950004726.0,,,15,1,0.6,0,0,0,0,0,0,0,0,0,0,0,0,0,0,0,0,1,2,0,0,7.973899470845668,medium,NTRF_S,group_A,4,10,0,0,1,0,0,0,1,0,0,1,6,10,1,0,0,1000
1000,4200008836,0135566828957630402451AIFA2USERT,S,2000.0,TRY,NTRF,1950004535.0,,,32,1,0.28125,0,0,0,0,0,0,0,0,0,0,0,0,0,0,0,0,1,2,0,0,7.601402334583733,medium,NTRF_S,group_A,4,10,0,0,1,0,0,0,1,0,0,1,6,10,1,0,0,1000
1000,4200008837,0073886AIFA2YDARCAN,S,23689.0,TRY,NTRF,1950000035.0,,,19,1,0.5789473684210527,0,0,0,0,0,0,0,0,0,0,0,0,0,0,0,0,1,2,0,0,10.07280829715283,large,NTRF_S,group_A,4,10,0,0,1,0,0,0,1,0,0,1,6,10,0,0,0,1000
1000,4200008838,520276242AIFA2ZCIPLAK,S,1570.0,TRY,NTRF,1950003666.0,,,21,1,0.5238095238095238,0,0,0,0,0,0,0,0,0,0,0,0,0,0,0,0,1,2,0,0,7.359467638255621,medium,NTRF_S,group_A,4,10,0,0,1,0,0,0,1,0,0,1,6,10,1,0,0,1000
1000,4200008839,30678705AIFA2SGENC,S,1570.0,TRY,NTRF,1950000759.0,,,18,1,0.5,0,0,0,0,0,0,0,0,0,0,0,0,0,0,0,0,1,2,0,0,7.359467638255621,medium,NTRF_S,group_A,4,10,0,0,1,0,0,0,1,0,0,1,6,10,1,0,0,1000
1000,4200008780,292MEVDUATGERIDONUSU6094,H,34500000.0,TRY,NTDP,,,1020101066.0,24,1,0.7083333333333334,0,0,0,0,0,0,0,0,0,0,0,0,0,0,0,0,1,2,0,0,17.356469910987094,mega,NTDP_H,group_A,4,10,0,0,0,1,0,0,0,1,0,0,5,8,2,0,0,1000
1000,4200008842,292VIRMANAIFAHOLDINGANONIMSIRK,S,18000000.0,TRY,NVRM,,,1020101066.0,30,1,0.9,0,0,0,0,0,0,0,0,0,0,0,0,1,0,0,0,1,1,0,0,16.705882371415992,mega,NVRM_S,group_A,4,10,0,0,0,1,0,0,1,0,0,1,7,11,2,0,0,1000
1000,4200008794,90001AIFA2ILB,S,340000.0,TRY,NEFT,,,1020118003.0,13,1,0.5384615384615384,0,0,0,0,0,0,0,0,0,0,0,0,0,0,0,0,1,2,0,0,12.73670383776449,xlarge,NEFT_S,group_A,4,10,0,1,0,0,0,0,1,0,0,1,2,3,5,0,0,1000
1000,4200008779,/6396094VERGI,S,9544.06,TRY,NTAX,,,1930100101.0,13,1,0.38461538461538464,0,0,0,0,0,0,0,0,0,0,0,0,0,0,0,0,1,1,0,0,9.16377902215371,medium,NTAX_S,group_A,4,10,0,0,0,0,0,0,1,0,1,1,4,7,1,0,0,1000
1000,4200008778,"6396094FAIZ%45,00VADE12092024",H,127254.1,TRY,NTAX,,,6420100001.0,29,1,0.27586206896551724,0,0,0,0,0,0,0,0,0,0,0,0,0,0,0,0,1,4,0,0,11.753949012195106,xlarge,NTAX_H,group_A,4,10,0,0,0,0,0,0,0,1,1,0,4,6,5,0,0,1000
1200,4200002897,EF7472896ONTVRADYOVETELEVIZYONYAYINC,H,174000.0,TRY,NEFT,,1200116937.0,,36,1,0.8055555555555556,0,0,0,0,0,0,0,0,0,0,0,0,0,0,0,0,1,1,0,0,12.066816325306588,xlarge,NEFT_H,group_B,4,10,0,1,0,0,0,0,0,1,0,0,2,2,5,1,0,1200
1200,4200002907,FAST356109602775478272-NEFELITEKSTIL,H,45440.0,TRY,NMSC,,1200120488.0,,36,1,0.4722222222222222,0,0,0,0,0,0,0,0,0,0,0,0,0,0,0,0,1,1,1,0,10.724170060195135,large,NMSC_H,group_B,4,10,0,0,0,0,0,0,0,1,0,0,3,4,0,1,0,1200
1200,4200002899,0167162973694700589292AIFA2AIFAHOLD,H,1000000.0,TRY,NTRF,,1200200099.0,,35,1,0.34285714285714286,0,0,0,0,0,0,0,0,0,0,0,0,0,0,0,0,1,2,0,0,13.815511557963774,xlarge,NTRF_H,group_B,4,10,0,0,1,1,0,0,0,1,0,0,6,9,5,1,0,1200
1200,4200002903,INT-HVL-BBMBUYUKBSKIMERKEZI-PA,H,145408.46,TRY,NTRF,,1200100121.0,,30,0,0.9,0,0,0,1,1,0,0,0,0,0,0,0,0,0,0,0,1,0,1,0,11.887308903863333,xlarge,NTRF_H,group_B,4,10,0,0,1,0,0,0,0,1,0,0,6,9,5,1,0,1200
1200,4200002904,INT-HVL-MUHTFAT-HB,H,5400.0,TRY,NTRF,,1200119630.0,,18,0,0.8333333333333334,0,0,0,1,1,0,0,0,0,0,0,0,0,0,0,0,1,0,1,0,8.594339400592892,medium,NTRF_H,group_B,4,10,0,0,1,0,0,0,0,1,0,0,6,9,1,1,0,1200
1200,4200002906,CEPSUBE-HVL-BUYUKBASKIMERKEZIFT3945,H,336.0,TRY,NTRF,,1200113164.0,,35,1,0.8285714285714286,0,0,0,1,0,1,0,0,0,0,0,0,0,0,0,0,1,1,1,0,5.820082930352362,small,NTRF_H,group_B,4,10,0,0,1,0,0,0,0,1,0,0,6,9,4,1,0,1200
1200,4200002908,CEPSUBE-HVL-,H,3428.0,TRY,NTRF,,1200120078.0,,12,0,0.8333333333333334,0,0,0,1,0,1,0,0,0,0,0,0,0,0,0,0,1,0,1,0,8.14002395246292,medium,NTRF_H,group_B,4,10,0,0,1,0,0,0,0,1,0,0,6,9,1,1,0,1200
1200,4200002895,HGSHESAPTANBAKIYEYUKLEMEDUZENLITALIMA,S,225.0,TRY,NMSC,3200102480.0,,,37,0,1.0,0,0,0,0,0,0,0,0,0,0,0,0,0,0,0,0,1,0,0,0,5.420534999272286,small,NMSC_S,group_B,4,10,0,0,0,0,0,0,1,0,0,1,3,5,4,1,0,1200
1200,4200002896,HGSHESAPTANBAKIYEYUKLEMEKUZEYMARMARA,S,120.0,TRY,NMSC,3200102480.0,,,36,0,1.0,0,0,0,0,0,0,0,0,0,0,0,0,0,0,0,0,1,0,0,0,4.795790545596741,small,NMSC_S,group_B,4,10,0,0,0,0,0,0,1,0,0,1,3,5,4,1,0,1200
1200,4200002898,HGSHESAPTANBAKIYEYUKLEMEDUZENLITALIMA,S,225.0,TRY,NMSC,3200102480.0,,,37,0,1.0,0,0,0,0,0,0,0,0,0,0,0,0,0,0,0,0,1,0,0,0,5.420534999272286,small,NMSC_S,group_B,4,10,0,0,0,0,0,0,1,0,0,1,3,5,4,1,0,1200
1200,4200002900,HGSHESAPTANBAKIYEYUKLEMEDUZENLITALIMA,S,225.0,TRY,NMSC,3200102480.0,,,37,0,1.0,0,0,0,0,0,0,0,0,0,0,0,0,0,0,0,0,1,0,0,0,5.420534999272286,small,NMSC_S,group_B,4,10,0,0,0,0,0,0,1,0,0,1,3,5,4,1,0,1200
1200,4200002905,HGSHESAPTANBAKIYEYUKLEMEDUZENLITALIMA,S,225.0,TRY,NMSC,3200102480.0,,,37,0,1.0,0,0,0,0,0,0,0,0,0,0,0,0,0,0,0,0,1,0,0,0,5.420534999272286,small,NMSC_S,group_B,4,10,0,0,0,0,0,0,1,0,0,1,3,5,4,1,0,1200
1200,4200002901,0019939NOLUCEKODEMESIICINVIRMAN,S,500000.0,TRY,NCHK,,,1020101046.0,31,1,0.7741935483870968,0,0,0,0,0,0,0,0,0,1,0,0,1,0,1,0,1,1,0,0,13.122365377402328,xlarge,NCHK_S,group_B,4,10,1,0,0,0,0,1,1,0,0,1,1,1,5,1,0,1200
1200,4200002902,0019921NOLUCEKODEMESIICINVIRMAN,S,500000.0,TRY,NCHK,,,1020101046.0,31,1,0.7741935483870968,0,0,0,0,0,0,0,0,0,1,0,0,1,0,1,0,1,1,0,0,13.122365377402328,xlarge,NCHK_S,group_B,4,10,1,0,0,0,0,1,1,0,0,1,1,1,5,1,0,1200
1200,4200002909,MUHABIRBANKAMASRAFI(REF.4016713902550),S,731.4,TRY,NMSC,,,7800150001.0,38,1,0.5789473684210527,0,0,0,0,0,0,0,0,1,0,0,0,0,0,0,0,1,1,0,1,6.596326812800355,small,NMSC_S,group_B,4,10,0,0,0,0,0,0,1,0,0,1,3,5,4,1,0,1200
1000,4200008772,HGSHESAPTANBAKIYEYUKLEMEDUZENLITALIMAT34212,S,175.0,TRY,NMSC,3200102480.0,,,43,1,0.8837209302325582,0,0,0,0,0,0,0,0,0,0,0,0,0,0,0,0,1,1,0,0,5.170483995038151,small,NMSC_S,group_A,4,10,0,0,0,0,0,0,1,0,0,1,3,5,4,0,0,1000
1000,4200008773,HGSHESAPTANBAKIYEYUKLEMEDUZENLITALIMAT34701,S,200.0,TRY,NMSC,3200102480.0,,,43,1,0.8837209302325582,0,0,0,0,0,0,0,0,0,0,0,0,0,0,0,0,1,1,0,0,5.303304908059076,small,NMSC_S,group_A,4,10,0,0,0,0,0,0,1,0,0,1,3,5,4,0,0,1000
1000,4200008774,HGSHESAPTANBAKIYEYUKLEMEGEBZEIZMIR34222,S,585.0,TRY,NMSC,3200102480.0,,,39,1,0.8717948717948718,0,0,0,0,0,0,0,0,0,0,0,0,0,0,0,0,1,1,0,0,6.373319789577012,small,NMSC_S,group_A,4,10,0,0,0,0,0,0,1,0,0,1,3,5,4,0,0,1000
1000,4200008775,HGSHESAPTANBAKIYEYUKLEMEKUZEYMARMARA34212,S,105.0,TRY,NMSC,3200102480.0,,,41,1,0.8780487804878049,0,0,0,0,0,0,0,0,0,0,0,0,0,0,0,0,1,1,0,0,4.663439094112067,small,NMSC_S,group_A,4,10,0,0,0,0,0,0,1,0,0,1,3,5,4,0,0,1000
1000,4200008776,HGSHESAPTANBAKIYEYUKLEMEKUZEYMARMARA34212,S,16.5,TRY,NMSC,3200102480.0,,,41,1,0.8780487804878049,0,0,0,0,0,0,0,0,0,0,0,0,0,0,0,0,1,1,0,0,2.8622008809294686,micro,NMSC_S,group_A,4,10,0,0,0,0,0,0,1,0,0,1,3,5,3,0,0,1000
1200,4200002894,HGSHESAPTANBAKIYEYUKLEMEKMO-2(ASYA)3,S,140.0,TRY,NMSC,3200102480.0,,,36,1,0.8611111111111112,0,0,0,0,0,0,0,0,0,0,0,0,0,0,0,0,1,2,1,0,4.948759890378168,small,NMSC_S,group_B,4,10,0,0,0,0,0,0,1,0,0,1,3,5,4,1,0,1200
1501,4200000907,THEEFTKOMISYONU-KOM,S,18.26,TRY,NTRF,,,7800150001.0,19,0,0.9473684210526315,0,0,0,0,0,0,1,0,0,0,0,0,0,0,0,1,1,0,1,0,2.9580304063699794,micro,NTRF_S,group_B,4,10,0,0,1,0,0,0,1,0,0,1,6,10,3,1,0,1501
1000,4200008760,HGSHESAPTANBAKIYEYUKLEMEDUZENLITALIMAT34474,S,175.0,TRY,NMSC,3200102480.0,,,43,1,0.8837209302325582,0,0,0,0,0,0,0,0,0,0,0,0,0,0,0,0,1,1,0,0,5.170483995038151,small,NMSC_S,group_A,4,10,0,0,0,0,0,0,1,0,0,1,3,5,4,0,0,1000
1000,4200008761,HGSHESAPTANBAKIYEYUKLEMEDUZENLITALIMAT3011,S,500.0,TRY,NMSC,3200102480.0,,,42,1,0.9047619047619048,0,0,0,0,0,0,0,0,0,0,0,0,0,0,0,0,1,1,0,0,6.2166061010848646,small,NMSC_S,group_A,4,10,0,0,0,0,0,0,1,0,0,1,3,5,4,0,0,1000
1000,4200008762,HGSHESAPTANBAKIYEYUKLEMEDUZENLITALIMAT34040,S,200.0,TRY,NMSC,3200102480.0,,,43,1,0.8837209302325582,0,0,0,0,0,0,0,0,0,0,0,0,0,0,0,0,1,1,0,0,5.303304908059076,small,NMSC_S,group_A,4,10,0,0,0,0,0,0,1,0,0,1,3,5,4,0,0,1000
1000,4200008763,HGSHESAPTANBAKIYEYUKLEMEDUZENLITALIMAT34633,S,150.0,TRY,NMSC,3200102480.0,,,43,1,0.8837209302325582,0,0,0,0,0,0,0,0,0,0,0,0,0,0,0,0,1,1,0,0,5.017279836814924,small,NMSC_S,group_A,4,10,0,0,0,0,0,0,1,0,0,1,3,5,4,0,0,1000
1000,4200008764,HGSHESAPTANBAKIYEYUKLEMEDUZENLITALIMAT34081,S,175.0,TRY,NMSC,3200102480.0,,,43,1,0.8837209302325582,0,0,0,0,0,0,0,0,0,0,0,0,0,0,0,0,1,1,0,0,5.170483995038151,small,NMSC_S,group_A,4,10,0,0,0,0,0,0,1,0,0,1,3,5,4,0,0,1000
1000,4200008765,HGSHESAPTANBAKIYEYUKLEMEDUZENLITALIMAT34222,S,175.0,TRY,NMSC,3200102480.0,,,43,1,0.8837209302325582,0,0,0,0,0,0,0,0,0,0,0,0,0,0,0,0,1,1,0,0,5.170483995038151,small,NMSC_S,group_A,4,10,0,0,0,0,0,0,1,0,0,1,3,5,4,0,0,1000
1000,4200008766,HGSHESAPTANBAKIYEYUKLEMEDUZENLITALIMAT34449,S,175.0,TRY,NMSC,3200102480.0,,,43,1,0.8837209302325582,0,0,0,0,0,0,0,0,0,0,0,0,0,0,0,0,1,1,0,0,5.170483995038151,small,NMSC_S,group_A,4,10,0,0,0,0,0,0,1,0,0,1,3,5,4,0,0,1000
1000,4200008767,HGSHESAPTANBAKIYEYUKLEMEDUZENLITALIMAT34556,S,175.0,TRY,NMSC,3200102480.0,,,43,1,0.8837209302325582,0,0,0,0,0,0,0,0,0,0,0,0,0,0,0,0,1,1,0,0,5.170483995038151,small,NMSC_S,group_A,4,10,0,0,0,0,0,0,1,0,0,1,3,5,4,0,0,1000
1000,4200008770,HGSHESAPTANBAKIYEYUKLEMEDUZENLITALIMAT34568,S,175.0,TRY,NMSC,3200102480.0,,,43,1,0.8837209302325582,0,0,0,0,0,0,0,0,0,0,0,0,0,0,0,0,1,1,0,0,5.170483995038151,small,NMSC_S,group_A,4,10,0,0,0,0,0,0,1,0,0,1,3,5,4,0,0,1000
1000,4200008771,MUHABIRBANKAMASRAFI,S,108.35,TRY,NMSC,,,7800150001.0,19,0,1.0,0,0,0,0,0,0,0,0,1,0,0,0,0,0,0,0,1,0,0,0,4.694553747122777,small,NMSC_S,group_A,4,10,0,0,0,0,0,0,1,0,0,1,3,5,4,0,0,1000
1000,4200008768,THEHESABAHAVALEKOMISYONU-KOM,S,26.83,TRY,NTRF,,,7800150001.0,28,0,0.9642857142857143,0,0,0,0,0,0,1,0,0,0,0,1,0,0,0,0,1,0,1,0,3.326114575537799,micro,NTRF_S,group_A,4,10,0,0,1,0,0,0,1,0,0,1,6,10,3,0,0,1000
1000,4200008769,THEEFTKOMISYONU-KOM,S,161.64,TRY,NTRF,,,7800150001.0,19,0,0.9473684210526315,0,0,0,0,0,0,1,0,0,0,0,0,0,0,0,1,1,0,1,0,5.091539169320091,small,NTRF_S,group_A,4,10,0,0,1,0,0,0,1,0,0,1,6,10,4,0,0,1000
1200,4200002888,HGSHESAPTANBAKIYEYUKLEMEDUZENLITALIMA,S,225.0,TRY,NMSC,3200102480.0,,,37,0,1.0,0,0,0,0,0,0,0,0,0,0,0,0,0,0,0,0,1,0,0,0,5.420534999272286,small,NMSC_S,group_B,4,10,0,0,0,0,0,0,1,0,0,1,3,5,4,1,0,1200
1200,4200002889,HGSHESAPTANBAKIYEYUKLEMEDUZENLITALIMA,S,225.0,TRY,NMSC,3200102480.0,,,37,0,1.0,0,0,0,0,0,0,0,0,0,0,0,0,0,0,0,0,1,0,0,0,5.420534999272286,small,NMSC_S,group_B,4,10,0,0,0,0,0,0,1,0,0,1,3,5,4,1,0,1200
1200,4200002892,HGSHESAPTANBAKIYEYUKLEMEDUZENLITALIMA,S,225.0,TRY,NMSC,3200102480.0,,,37,0,1.0,0,0,0,0,0,0,0,0,0,0,0,0,0,0,0,0,1,0,0,0,5.420534999272286,small,NMSC_S,group_B,4,10,0,0,0,0,0,0,1,0,0,1,3,5,4,1,0,1200
1200,4200002893,HGSHESAPTANBAKIYEYUKLEMEAVRASYATUNELI,S,234.0,TRY,NMSC,3200102480.0,,,37,0,1.0,0,0,0,0,0,0,0,0,0,0,0,0,0,0,0,0,1,0,0,0,5.459585514144159,small,NMSC_S,group_B,4,10,0,0,0,0,0,0,1,0,0,1,3,5,4,1,0,1200
1200,4200002890,THEHESABAHAVALEKOMISYONU-KOM,S,9.1,TRY,NTRF,,,7800150001.0,28,0,0.9642857142857143,0,0,0,0,0,0,1,0,0,0,0,1,0,0,0,0,1,0,1,0,2.312535423847214,micro,NTRF_S,group_B,4,10,0,0,1,0,0,0,1,0,0,1,6,10,3,1,0,1200
1200,4200002891,THEEFTKOMISYONU-KOM,S,40.95,TRY,NTRF,,,7800150001.0,19,0,0.9473684210526315,0,0,0,0,0,0,1,0,0,0,0,0,0,0,0,1,1,0,1,0,3.7364784329132155,micro,NTRF_S,group_B,4,10,0,0,1,0,0,0,1,0,0,1,6,10,3,1,0,1200
1512,4200000544,THEHESABAHAVALEKOMISYONU-KOMTCKN:VKN:,S,8.86,TRY,NTRF,,,7800150001.0,37,0,0.918918918918919,1,1,1,0,0,0,1,0,0,0,0,1,0,0,0,0,1,0,1,0,2.288486168614544,micro,NTRF_S,group_B,4,10,0,0,1,0,0,0,1,0,0,1,6,10,3,1,0,1512
1512,4200000545,THEEFTKOMISYONU-KOMTCKN:VKN:,S,53.7,TRY,NTRF,,,7800150001.0,28,0,0.8928571428571429,1,1,1,0,0,0,1,0,0,0,0,0,0,0,0,1,1,0,1,0,4.001863709427935,micro,NTRF_S,group_B,4,10,0,0,1,0,0,0,1,0,0,1,6,10,3,1,0,1512
1504,4200004755,MEDYAILETISIMREKLAMANONIM-BAŞAKŞEHİR,H,1392375.0,TRY,NEFT,,1200114623.0,,36,0,0.9722222222222222,0,0,0,0,0,0,0,0,0,0,0,0,0,0,0,0,1,0,1,0,14.146522198344558,mega,NEFT_H,group_A,4,10,0,1,0,1,0,0,0,1,0,0,2,2,2,0,0,1504
1504,4200004759,EF3670340ZMILETISIMPLANLAMAVESATINALM-ZOOM-,H,864000.0,TRY,NEFT,,1200107203.0,,43,1,0.7906976744186046,0,0,0,0,0,0,0,0,0,0,0,0,0,0,0,0,1,1,1,0,13.66932920519293,xlarge,NEFT_H,group_A,4,10,0,1,0,1,0,0,0,1,0,0,2,2,5,0,0,1504
1504,4200004766,EF4583650REDİLYEMSANAYIVETICARET,H,345369.21,TRY,NEFT,,1200119217.0,,32,1,0.78125,0,0,0,0,0,0,0,0,0,0,0,0,0,0,0,0,1,1,0,0,12.752372193146552,xlarge,NEFT_H,group_A,4,10,0,1,0,0,0,0,0,1,0,0,2,2,5,0,0,1504
1504,4200004767,EF0039921GESMEDYAHIZMETLERIANONIMSIRKETI-KENTVIZYO,H,158560.0,TRY,NEFT,,1200116212.0,,50,1,0.84,0,0,0,0,0,0,0,0,0,0,0,0,0,0,0,0,1,1,1,0,11.973894656304775,xlarge,NEFT_H,group_A,4,10,0,1,0,0,0,0,0,1,0,0,2,2,5,0,0,1504
1504,4200004768,EF4429508SENGLOBALMARKAILETISIMVEMEDY-BAŞAKŞEHİR,H,230000.0,TRY,NEFT,,1200100044.0,,48,1,0.8333333333333334,0,0,0,0,0,0,0,0,0,0,0,0,0,0,0,0,1,1,1,0,12.345838935721968,xlarge,NEFT_H,group_A,4,10,0,1,0,0,0,0,0,1,0,0,2,2,5,0,0,1504
1504,4200004769,EF0110662MEDYAPLANLAMA-FTKARSILIGITCKN:V,H,372000.0,TRY,NEFT,,1200119978.0,,40,1,0.775,1,0,1,0,0,0,0,0,0,0,0,0,0,0,0,0,1,1,1,0,12.826651821423713,xlarge,NEFT_H,group_A,4,10,0,1,0,0,0,0,0,1,0,0,2,2,5,0,0,1504
1504,4200004771,EF0063230MEDYAYAYINCILIKHIZMETLERITIC-TCKN:VKN,H,2000000.0,TRY,NEFT,,1200101448.0,,46,1,0.8043478260869565,1,1,1,0,0,0,0,0,0,0,0,0,0,0,0,0,1,1,1,0,14.508658238524095,mega,NEFT_H,group_A,4,10,0,1,0,1,0,0,0,1,0,0,2,2,2,0,0,1504
1504,4200004775,EF0405923ALTINTURISTIKTESISLERI-ALTINYUN,H,94707.65,TRY,NEFT,,1200108745.0,,40,1,0.8,0,0,0,0,0,0,0,0,0,0,0,0,0,0,0,0,1,1,1,0,11.458560616079913,large,NEFT_H,group_A,4,10,0,1,0,0,0,0,0,1,0,0,2,2,0,0,0,1504
1504,4200004777,EF4466218ZERMERKEZIHIZMETLERVETICARETAN-YURTICIYER,H,10799557.2,TRY,NEFT,,1200100141.0,,50,1,0.84,0,0,0,0,0,0,0,0,0,0,0,0,0,0,0,0,1,1,1,0,16.19501578385031,mega,NEFT_H,group_A,4,10,0,1,0,1,0,0,0,1,0,0,2,2,2,0,0,1504
1504,4200004754,FAST2014179092-EYMEN-FATURALARAISTINADENGOND,H,9000.0,TRY,NMSC,,1200117717.0,,44,1,0.7272727272727273,0,0,0,0,0,0,0,0,0,0,0,0,0,1,0,0,1,1,1,0,9.105090961257085,medium,NMSC_H,group_A,4,10,0,0,0,0,0,0,0,1,0,0,3,4,1,0,0,1504
1504,4200004763,FAST2014799235-OVANCI-FTBEDELINEISTINADENTCK,H,70000.0,TRY,NMSC,,1200115154.0,,44,1,0.7272727272727273,0,0,0,0,0,0,0,0,0,0,0,0,0,0,0,0,1,1,1,0,11.156264806643742,large,NMSC_H,group_A,4,10,0,0,0,0,0,0,0,1,0,0,3,4,0,0,0,1504
1504,4200004770,FAST24164827183-GENESILMEDYAA.S.-BAŞAKŞEHİRMEDYA,H,100000.0,TRY,NMSC,,1200100191.0,,48,1,0.6875,0,0,0,0,0,0,0,0,0,0,0,0,0,0,0,0,1,1,1,1,11.51293546492023,large,NMSC_H,group_A,4,10,0,0,0,0,0,0,0,1,0,0,3,4,0,0,0,1504
1504,4200004772,FAST9999952207-BAKIŞYAPIINSAATENERJIMADENCILIKS-LHD:,H,50000.0,TRY,NMSC,,1200111039.0,,52,1,0.75,0,0,0,0,0,0,0,0,0,0,0,0,0,0,0,0,1,1,1,0,10.819798284210286,large,NMSC_H,group_A,4,10,0,0,0,0,0,0,0,1,0,0,3,4,0,0,0,1504
1504,4200004758,INT-HVL-KTYMEDYA-KTYMEDYAREKLAMHIZMTCKN:VKN:,H,480000.0,TRY,NTRF,,1200108892.0,,44,0,0.8863636363636364,1,1,1,1,1,0,0,0,0,0,0,0,0,0,0,0,1,0,1,0,13.081543466215237,xlarge,NTRF_H,group_A,4,10,0,0,1,0,0,0,0,1,0,0,6,9,5,0,0,1504
1504,4200004762,016716297369AIFA2AIFAHOLDINGANONIMSIRKETITCKN:VK,H,2600000.0,TRY,NTRF,,1200200099.0,,48,1,0.7083333333333334,1,0,1,0,0,0,0,0,0,0,0,0,0,0,0,0,1,2,0,0,14.77102238760702,mega,NTRF_H,group_A,4,10,0,0,1,1,0,0,0,1,0,0,6,9,2,0,0,1504
1504,4200004764,INT-HVL-MAHSUBEN-WATTREKLAMTANITIMTTCKN:V,H,20000.0,TRY,NTRF,,1200116214.0,,41,0,0.9024390243902439,1,0,1,1,1,0,0,0,0,0,0,0,0,0,0,0,1,0,1,0,9.90353755128617,large,NTRF_H,group_A,4,10,0,0,1,0,0,0,0,1,0,0,6,9,0,0,0,1504
1504,4200004765,INT-HVL-BAŞAKŞEHİRMEDYAILETISIMPAZ.-DENIZREKLAMFIL,H,350000.0,TRY,NTRF,,1200100364.0,,50,0,0.92,0,0,0,1,1,0,0,0,0,0,0,0,0,0,0,0,1,0,1,1,12.765691290604371,xlarge,NTRF_H,group_A,4,10,0,0,1,0,0,0,0,1,0,0,6,9,5,0,0,1504
1504,4200004773,ISTANBULDUZYOL-0051413TCKN:VKN:,S,14400.0,TRY,NEFT,3200108631.0,,,31,1,0.6774193548387096,1,1,1,0,0,0,0,0,0,0,0,0,0,0,0,0,1,1,1,0,9.575052927597383,large,NEFT_S,group_A,4,10,0,1,0,0,0,0,1,0,0,1,2,3,0,0,0,1504
1504,4200004774,835ISTANBULYURTICIKARGOSERVISIA.S.TCKN:VKN:,S,1174.51,TRY,NTRF,3200102082.0,,,43,1,0.8372093023255814,1,1,1,0,0,0,0,0,0,0,0,0,0,0,0,0,1,1,0,1,7.06945737496223,medium,NTRF_S,group_A,4,10,0,0,1,0,0,0,1,0,0,1,6,10,1,0,0,1504
1504,4200004778,ISTANBULAIFAHOLDINGANONIMSIRKETITCKN:VK,S,8850000.0,TRY,NTRF,3200200009.0,,,39,0,0.9743589743589743,1,0,1,0,0,0,0,0,0,0,0,0,0,0,0,0,1,0,0,0,15.995928129978456,mega,NTRF_S,group_A,4,10,0,0,1,1,0,0,1,0,0,1,6,10,2,0,0,1504
1504,4200004779,9ISTANBULAIFAHOLDINGANONIMSIRKETITCKN:VK,S,8900000.0,TRY,NTRF,3200200009.0,,,40,1,0.95,1,0,1,0,0,0,0,0,0,0,0,0,0,0,0,0,1,1,0,0,16.001561947061912,mega,NTRF_S,group_A,4,10,0,0,1,1,0,0,1,0,0,1,6,10,2,0,0,1504
1504,4200004780,9ISTANBULAIFAHOLDINGANONIMSIRKETITCKN:VK,S,8750000.0,TRY,NTRF,3200200009.0,,,40,1,0.95,1,0,1,0,0,0,0,0,0,0,0,0,0,0,0,0,1,1,0,0,15.984564372619506,mega,NTRF_S,group_A,4,10,0,0,1,1,0,0,1,0,0,1,6,10,2,0,0,1504
1504,4200004756,NOLUCEKODEMESIICINVIRMANTCKN:VKN:,S,500000.0,TRY,NCHK,,,1020101022.0,33,0,0.9393939393939394,1,1,1,0,0,0,0,0,0,1,0,0,1,0,1,0,1,0,0,0,13.122365377402328,xlarge,NCHK_S,group_A,4,10,1,0,0,0,0,1,1,0,0,1,1,1,5,0,0,1504
1504,4200004757,NOLUCEKODEMESIICINVIRMANTCKN:VKN:,S,500000.0,TRY,NCHK,,,1020101022.0,33,0,0.9393939393939394,1,1,1,0,0,0,0,0,0,1,0,0,1,0,1,0,1,0,0,0,13.122365377402328,xlarge,NCHK_S,group_A,4,10,1,0,0,0,0,1,1,0,0,1,1,1,5,0,0,1504
1504,4200004760,NOLUCEKODEMESIICINVIRMANTCKN:VKN:,S,500000.0,TRY,NCHK,,,1020101022.0,33,0,0.9393939393939394,1,1,1,0,0,0,0,0,0,1,0,0,1,0,1,0,1,0,0,0,13.122365377402328,xlarge,NCHK_S,group_A,4,10,1,0,0,0,0,1,1,0,0,1,1,1,5,0,0,1504
1504,4200004761,NOLUCEKODEMESIICINVIRMANTCKN:VKN:,S,550000.0,TRY,NCHK,,,1020101022.0,33,0,0.9393939393939394,1,1,1,0,0,0,0,0,0,1,0,0,1,0,1,0,1,0,0,0,13.217675375388819,xlarge,NCHK_S,group_A,4,10,1,0,0,1,0,1,1,0,0,1,1,1,5,0,0,1504
1504,4200004776,KESINTIVEEKLERI-TCKN:VKN:,S,44.32,TRY,NEFT,,,7800150001.0,25,0,0.88,1,1,1,0,0,0,0,0,0,0,0,0,0,0,0,0,1,0,1,0,3.8137484361598055,micro,NEFT_S,group_A,4,10,0,1,0,0,0,0,1,0,0,1,2,3,3,0,0,1504
1504,4200004752,THEHESABAHAVALEKOMISYONU-KOMTCKN:VKN:,S,13.53,TRY,NTRF,,,7800150001.0,37,0,0.918918918918919,1,1,1,0,0,0,1,0,0,0,0,1,0,0,0,0,1,0,1,0,2.6762154775821916,micro,NTRF_S,group_A,4,10,0,0,1,0,0,0,1,0,0,1,6,10,3,0,0,1504
1504,4200004753,THEEFTKOMISYONU-KOMTCKN:VKN:,S,26.58,TRY,NTRF,,,7800150001.0,28,0,0.8928571428571429,1,1,1,0,0,0,1,0,0,0,0,0,0,0,0,1,1,0,1,0,3.3170908723651555,micro,NTRF_S,group_A,4,10,0,0,1,0,0,0,1,0,0,1,6,10,3,0,0,1504
1501,4200000901,EF7217698GIRIFTMEDYAANONIMSIRKETI-PLR,H,200000.0,TRY,NEFT,,1200119167.0,,37,1,0.7837837837837838,0,0,0,0,0,0,0,0,0,0,0,0,0,0,0,0,1,1,1,0,12.206077645517674,xlarge,NEFT_H,group_B,4,10,0,1,0,0,0,0,0,1,0,0,2,2,5,1,0,1501
1501,4200000902,EF7221752MEDIATICMEDYAA.S.-PLREKLAMCIL,H,132081.38,TRY,NEFT,,1200112795.0,,38,1,0.7368421052631579,0,0,0,0,0,0,0,0,0,0,0,0,0,0,0,0,1,1,1,1,11.791181097813855,xlarge,NEFT_H,group_B,4,10,0,1,0,0,0,0,0,1,0,0,2,2,5,1,0,1501
1501,4200000903,EF0042505SEKORGANIZASYONMUHINS.GIDAVE,H,242000.0,TRY,NEFT,,1200115157.0,,37,1,0.7837837837837838,0,0,0,0,0,0,0,0,0,0,0,0,0,0,0,0,1,1,0,1,12.396697137361691,xlarge,NEFT_H,group_B,4,10,0,1,0,0,0,0,0,1,0,0,2,2,5,1,0,1501
1501,4200000905,EF0405921MEHMET ALTINELTURISTIKTESISL,H,157025.01,TRY,NEFT,,1200108745.0,,37,1,0.7837837837837838,0,0,0,0,0,0,0,0,0,0,0,0,0,0,0,0,1,1,0,0,11.964166739398696,xlarge,NEFT_H,group_B,4,10,0,1,0,0,0,0,0,1,0,0,2,2,5,1,0,1501
1501,4200000900,FAST2014801864-AHMETALİFTBEDELINEI,H,100000.0,TRY,NMSC,,1200115154.0,,34,1,0.6764705882352942,0,0,0,0,0,0,0,0,0,0,0,0,0,0,0,0,1,1,1,0,11.51293546492023,large,NMSC_H,group_B,4,10,0,0,0,0,0,0,0,1,0,0,3,4,0,1,0,1501
1501,4200000904,FAST24164827254-GENCNESILMEDYAA.S.-PLR,H,100000.0,TRY,NMSC,,1200100191.0,,38,1,0.6052631578947368,0,0,0,0,0,0,0,0,0,0,0,0,0,0,0,0,1,1,1,1,11.51293546492023,large,NMSC_H,group_B,4,10,0,0,0,0,0,0,0,1,0,0,3,4,0,1,0,1501
1501,4200000906,MARMA2ISTANBULSABIHAGOKCENULUS.HAVAL,S,555850.0,TRY,NTRF,3200101041.0,,,36,1,0.9444444444444444,0,0,0,0,0,0,0,0,0,0,0,0,0,0,0,0,1,1,0,1,13.228255551706647,xlarge,NTRF_S,group_B,4,10,0,0,1,1,0,0,1,0,0,1,6,10,5,1,0,1501
1501,4200000898,THEHESABAHAVALEKOMISYONU-KOM,S,8.87,TRY,NTRF,,,7800150001.0,28,0,0.9642857142857143,0,0,0,0,0,0,1,0,0,0,0,1,0,0,0,0,1,0,1,0,2.28949985344539,micro,NTRF_S,group_B,4,10,0,0,1,0,0,0,1,0,0,1,6,10,3,1,0,1501
1501,4200000899,THEEFTKOMISYONU-KOM,S,18.26,TRY,NTRF,,,7800150001.0,19,0,0.9473684210526315,0,0,0,0,0,0,1,0,0,0,0,0,0,0,0,1,1,0,1,0,2.9580304063699794,micro,NTRF_S,group_B,4,10,0,0,1,0,0,0,1,0,0,1,6,10,3,1,0,1501
1000,4200008719,90001EF3576996,H,1060000.0,TRY,NEFT,,1200200092.0,,14,1,0.14285714285714285,0,0,0,0,0,0,0,0,0,0,0,0,0,0,0,0,0,2,0,0,13.87378040948403,mega,NEFT_H,group_A,4,10,0,1,0,1,0,0,0,1,0,0,2,2,2,0,0,1000
1000,4200008754,3ISTANBULBAŞAKŞEHİRMEDYAILETISI,H,8850000.0,TRY,NTRF,,1200200104.0,,31,1,0.967741935483871,0,0,0,0,0,0,0,0,0,0,0,0,0,0,0,0,1,1,0,0,15.995928129978456,mega,NTRF_H,group_A,4,10,0,0,1,1,0,0,0,1,0,0,6,9,2,0,0,1000
1000,4200008755,ISTANBULBAŞAKŞEHİRMEDYAILETISI,H,8900000.0,TRY,NTRF,,1200200104.0,,30,0,1.0,0,0,0,0,0,0,0,0,0,0,0,0,0,0,0,0,1,0,0,0,16.001561947061912,mega,NTRF_H,group_A,4,10,0,0,1,1,0,0,0,1,0,0,6,9,2,0,0,1000
1000,4200008756,93ISTANBULBAŞAKŞEHİRMEDYAILETISI,H,8750000.0,TRY,NTRF,,1200200104.0,,32,1,0.9375,0,0,0,0,0,0,0,0,0,0,0,0,0,0,0,0,1,1,0,0,15.984564372619506,mega,NTRF_H,group_A,4,10,0,0,1,1,0,0,0,1,0,0,6,9,2,0,0,1000
1000,4200008721,90001AIFA2BBM,S,200000.0,TRY,NEFT,3200200003.0,,,13,1,0.5384615384615384,0,0,0,0,0,0,0,0,0,0,0,0,0,0,0,0,1,2,0,0,12.206077645517674,xlarge,NEFT_S,group_A,4,10,0,1,0,0,0,0,1,0,0,1,2,3,5,0,0,1000
1000,4200008727,90001AIFA2ILB,S,70000.0,TRY,NEFT,3200200012.0,,,13,1,0.5384615384615384,0,0,0,0,0,0,0,0,0,0,0,0,0,0,0,0,1,2,0,0,11.156264806643742,large,NEFT_S,group_A,4,10,0,1,0,0,0,0,1,0,0,1,2,3,0,0,0,1000
1000,4200008730,90001AIFA2FOK,S,20000.0,TRY,NEFT,3200200007.0,,,13,1,0.5384615384615384,0,0,0,0,0,0,0,0,0,0,0,0,0,0,0,0,1,2,0,0,9.90353755128617,large,NEFT_S,group_A,4,10,0,1,0,0,0,0,1,0,0,1,2,3,0,0,0,1000
1000,4200008731,90001AIFA2VIZ,S,50000.0,TRY,NEFT,3200101782.0,,,13,1,0.5384615384615384,0,0,0,0,0,0,0,0,0,0,0,0,0,0,0,0,1,2,0,0,10.819798284210286,large,NEFT_S,group_A,4,10,0,1,0,0,0,0,1,0,0,1,2,3,0,0,0,1000
1000,4200008732,90001AIFA2ILA,S,100000.0,TRY,NEFT,3200200008.0,,,13,1,0.5384615384615384,0,0,0,0,0,0,0,0,0,0,0,0,0,0,0,0,1,2,0,0,11.51293546492023,large,NEFT_S,group_A,4,10,0,1,0,0,0,0,1,0,0,1,2,3,0,0,0,1000
1000,4200008733,90001AIFA2VIZ,S,100000.0,TRY,NEFT,3200101782.0,,,13,1,0.5384615384615384,0,0,0,0,0,0,0,0,0,0,0,0,0,0,0,0,1,2,0,0,11.51293546492023,large,NEFT_S,group_A,4,10,0,1,0,0,0,0,1,0,0,1,2,3,0,0,0,1000
1000,4200008738,90001AIFA2DRT,S,1000000.0,TRY,NEFT,3200100583.0,,,13,1,0.5384615384615384,0,0,0,0,0,0,0,0,0,0,0,0,0,0,0,0,1,2,0,0,13.815511557963774,xlarge,NEFT_S,group_A,4,10,0,1,0,1,0,0,1,0,0,1,2,3,5,0,0,1000
1000,4200008744,90001AIFA2AHM,S,19200.0,TRY,NEFT,3200104903.0,,,13,1,0.5384615384615384,0,0,0,0,0,0,0,0,0,0,0,0,0,0,0,0,1,2,0,0,9.862717639992917,large,NEFT_S,group_A,4,10,0,1,0,0,0,0,1,0,0,1,2,3,0,0,0,1000
1000,4200008745,90001AIFA2TEL,S,24781.6,TRY,NEFT,3200108287.0,,,13,1,0.5384615384615384,0,0,0,0,0,0,0,0,0,0,0,0,0,0,0,0,1,2,0,0,10.117897073004329,large,NEFT_S,group_A,4,10,0,1,0,0,0,0,1,0,0,1,2,3,0,0,0,1000
1000,4200008746,90001AIFA2TRA,S,200000.0,TRY,NEFT,3200104204.0,,,13,1,0.5384615384615384,0,0,0,0,0,0,0,0,0,0,0,0,0,0,0,0,1,2,0,0,12.206077645517674,xlarge,NEFT_S,group_A,4,10,0,1,0,0,0,0,1,0,0,1,2,3,5,0,0,1000
1000,4200008747,90001AIFA2BLA,S,600000.0,TRY,NEFT,3200106660.0,,,13,1,0.5384615384615384,0,0,0,0,0,0,0,0,0,0,0,0,0,0,0,0,1,2,0,0,13.304686600863562,xlarge,NEFT_S,group_A,4,10,0,1,0,1,0,0,1,0,0,1,2,3,5,0,0,1000
1000,4200008715,HGSHESAPTANBAKIYEYUKLEMEDUZENLITALIMAT34402,S,175.0,TRY,NMSC,3200102480.0,,,43,1,0.8837209302325582,0,0,0,0,0,0,0,0,0,0,0,0,0,0,0,0,1,1,0,0,5.170483995038151,small,NMSC_S,group_A,4,10,0,0,0,0,0,0,1,0,0,1,3,5,4,0,0,1000
1000,4200008716,HGSHESAPTANBAKIYEYUKLEMEDUZENLITALIMAT34706,S,200.0,TRY,NMSC,3200102480.0,,,43,1,0.8837209302325582,0,0,0,0,0,0,0,0,0,0,0,0,0,0,0,0,1,1,0,0,5.303304908059076,small,NMSC_S,group_A,4,10,0,0,0,0,0,0,1,0,0,1,3,5,4,0,0,1000
1000,4200008717,HGSHESAPTANBAKIYEYUKLEMEDUZENLITALIMAT34894,S,175.0,TRY,NMSC,3200102480.0,,,43,1,0.8837209302325582,0,0,0,0,0,0,0,0,0,0,0,0,0,0,0,0,1,1,0,0,5.170483995038151,small,NMSC_S,group_A,4,10,0,0,0,0,0,0,1,0,0,1,3,5,4,0,0,1000
1000,4200008758,HGSHESAPTANBAKIYEYUKLEMEKUZEYMARMARA,S,14.0,TRY,NMSC,3200102480.0,,,36,0,1.0,0,0,0,0,0,0,0,0,0,0,0,0,0,0,0,0,1,0,0,0,2.70805020110221,micro,NMSC_S,group_A,4,10,0,0,0,0,0,0,1,0,0,1,3,5,3,0,0,1000
1000,4200008759,HGSHESAPTANBAKIYEYUKLEMEGEBZEIZMIR,S,555.0,TRY,NMSC,3200102480.0,,,34,0,1.0,0,0,0,0,0,0,0,0,0,0,0,0,0,0,0,0,1,0,0,0,6.320768294250582,small,NMSC_S,group_A,4,10,0,0,0,0,0,0,1,0,0,1,3,5,4,0,0,1000
1000,4200008722,146504AIFA2MURATAIFA,S,800000.0,TRY,NTRF,1950000574.0,,,20,1,0.65,0,0,0,0,0,0,0,0,0,0,0,0,0,0,0,0,1,2,0,0,13.592368256649284,xlarge,NTRF_S,group_A,4,10,0,0,1,1,0,0,1,0,0,1,6,10,5,0,0,1000
1000,4200008723,13AIFA2BBMBUYUKBASKIMERKEZIMA,S,1000000.0,TRY,NTRF,3200200003.0,,,29,1,0.896551724137931,0,0,0,0,0,0,0,0,0,0,0,0,0,0,0,0,1,2,0,0,13.815511557963774,xlarge,NTRF_S,group_A,4,10,0,0,1,1,0,0,1,0,0,1,6,10,5,0,0,1000
1000,4200008724,3AIFA2BBMBUYUKBASKIMERKEZIMA,S,2150000.0,TRY,NTRF,3200200003.0,,,28,1,0.9285714285714286,0,0,0,0,0,0,0,0,0,0,0,0,0,0,0,0,1,2,0,0,14.580978865220017,mega,NTRF_S,group_A,4,10,0,0,1,1,0,0,1,0,0,1,6,10,2,0,0,1000
1000,4200008725,0093AIFA2BAŞAKŞEHİRMEDYAILETISI,S,2600000.0,TRY,NTRF,3200200016.0,,,31,1,0.8387096774193549,0,0,0,0,0,0,0,0,0,0,0,0,0,0,0,0,1,2,0,0,14.77102238760702,mega,NTRF_S,group_A,4,10,0,0,1,1,0,0,1,0,0,1,6,10,2,0,0,1000
1000,4200008739,914AIFA2KAYINMADENCILIKISLETME,S,500000.0,TRY,NTRF,3200200052.0,,,30,1,0.8666666666666667,0,0,0,0,0,0,0,0,0,0,0,0,0,0,0,0,1,2,0,0,13.122365377402328,xlarge,NTRF_S,group_A,4,10,0,0,1,0,0,0,1,0,0,1,6,10,5,0,0,1000
1000,4200008740,17AIFA2MALTEPEREKLAMPAZARL,S,600000.0,TRY,NTRF,3200101782.0,,,26,1,0.8846153846153846,0,0,0,0,0,0,0,0,0,0,0,0,0,0,0,0,1,2,0,0,13.304686600863562,xlarge,NTRF_S,group_A,4,10,0,0,1,1,0,0,1,0,0,1,6,10,5,0,0,1000
1000,4200008741,2AIFA2ILANMADENCILIKSANAYIVE,S,850000.0,TRY,NTRF,3200200008.0,,,28,1,0.9285714285714286,0,0,0,0,0,0,0,0,0,0,0,0,0,0,0,0,1,2,0,0,13.652992804936396,xlarge,NTRF_S,group_A,4,10,0,0,1,1,0,0,1,0,0,1,6,10,5,0,0,1000
1000,4200008742,4AIFA2MURATAIFA,S,170000.0,TRY,NTRF,1950000574.0,,,15,1,0.8666666666666667,0,0,0,0,0,0,0,0,0,0,0,0,0,0,0,0,1,2,0,0,12.04355959836804,xlarge,NTRF_S,group_A,4,10,0,0,1,0,0,0,1,0,0,1,6,10,5,0,0,1000
1000,4200008738,90001AIFA2DRT,S,1000000.0,TRY,NEFT,3200100583.0,,,13,1,0.5384615384615384,0,0,0,0,0,0,0,0,0,0,0,0,0,0,0,0,1,2,0,0,13.815511557963774,xlarge,NEFT_S,group_A,4,10,0,1,0,1,0,0,1,0,0,1,2,3,5,0,0,1000
